STREAM NAME,URL,CATEGORY,ICON,STATUS,RESOLUTION
Aaryaa Tv,https://stream.ottlive.co.in/aryatvtamil/index.m3u8,Tamil,📺,Playing,0x0
Aaseervatham TV,https://mumt04.tangotv.in/m18aqlK4AASEERVATHAMTV/index.m3u8,Tamil,🪷,Playing,480x360
Aastha Tamil,https://aasthaott.akamaized.net/110923/smil:aasthatamil.smil/playlist.m3u8,Tamil,🪷,Playing,384x216
Arputhar Yesu TV,https://account33.livebox.co.in/jesushelpshls/live.m3u8,Tamil,🪷,Playing,1280x720
Colors Tamil HD,https://da86m1sqpm3o0.cloudfront.net/28072023/smil:colorstamilhd11.smil/playlist.m3u8,Tamil,✨,Playing,640x360
Dharsan TV,https://cable91tataplay.akamaized.net/live/dharshantv/index.m3u8,Tamil,🪷,Playing,1920x1080
Fail Army,https://failarmy-international-in.samsung.wurl.tv/playlist.m3u8,English,🌐,Playing,640x360
Hebron TV,https://account20.livebox.co.in/charleshls/live.m3u8,Tamil,🪷,Playing,1920x1080
Hungama TV,http://103.185.24.134:3001/HUNGAMA/index.m3u8,Tamil,👶,Playing,1047x576
Isaiaruvi Tv,https://segment.yuppcdn.net/140622/isaiaruvi/playlist.m3u8,Tamil,📺,Playing,0x0
Joy TV,https://ktismaservers.in:3412/live/joytvlive.m3u8,Tamil,🪷,Playing,1920x1080
Kalaignar Murasu,https://yuppmedtaorire.akamaized.net/v1/master/a0d007312bfd99c47f76b77ae26b1ccdaae76cb1/murasu_nim_https/050522/murasu/playlist.m3u8,Tamil,📰,Playing,704x396
Kalaignar Tv,https://segment.yuppcdn.net/240122/kalaignartv/playlist.m3u8,Tamil,📺,Playing,0x0
Life TV,https://lifetv.livebox.co.in/lifetvhls/lifetv.m3u8,Tamil,🪷,Playing,1280x720
MK Six,https://mumt06.tangotv.in/qYyB8fXVMKSIX/index.m3u8,Tamil,📺,Playing,489x360
MN Tv,https://mntv.livebox.co.in/mntvhls/live.m3u8,Tamil,📺,Playing,1280x720
Madha TV,https://mumt07.tangotv.in/zHjX9OFlMADHATV/index.m3u8,Tamil,🪷,Playing,489x360
Madhimugam TV,https://mumt01.tangotv.in/O5aw8Zn3MATHIMUGAMTV/index.m3u8,Tamil,📰,Playing,489x360
Makkal TV (576i),https://5k8q87azdy4v-hls-live.wmncdn.net/MAKKAL/271ddf829afeece44d8732757fba1a66.sdp/playlist.m3u8,Tamil,📺,Playing,640x360
Mei Alai TV,https://meialai.iptelevishion.com/meialai/2/index.m3u8,Tamil,📺,Playing,768x576
Movie Club 2 Tv,https://d3gnyty2vddhsg.cloudfront.net/v1/master/3722c60a815c199d9c0ef36c5b73da68a62b09d1/pb-ytipwjqub3kf8/TMC2_IN.m3u8?ads.ads_cdn=cf&ads.cdn=cf,Hindi,🎬,Playing,640x360
NDTV Good Times,https://amg01448-samsungin-ndtvgoodtimes-samsungin-ad-gp.amagi.tv/playlist/amg01448-samsungin-ndtvgoodtimes-samsungin/playlist.m3u8,Tamil,📺,Playing,640x360
News J,https://cdn.pishow.tv/ott/live/1279/master.m3u8,Tamil,📰,Playing,1024x751
News18 Tamil Nadu,https://n18syndication.akamaized.net/bpk-tv/News18_Tamil_Nadu_NW18_MOB/output01/master.m3u8,Tamil,📰,Playing,640x360
Nickelodeon,http://103.185.24.134:3001/NICK/index.m3u8,Tamil,👶,Playing,1047x576
OM TV,https://mumt01.tangotv.in/O5aw8Zn3OMTV/index.m3u8,Tamil,🪷,Playing,489x360
Oli TV,https://live.olidigital.in/olitv/olitv/index.m3u8,Tamil,📺,Playing,1920x1080
Polimer TV,https://cdn.pishow.tv/ott/live/1241/master.m3u8,Tamil,📰,Playing,1047x576
Puthiya Thalaimurai,https://mumt07.tangotv.in/zHjX9OFlPUTHIYAEXPRESS/index.m3u8,Tamil,📰,Playing,489x360
Puthuyugam TV,https://mumt04.tangotv.in/m18aqlK4PUTHUYUGAMTV/index.m3u8,Tamil,📺,Playing,489x360
Rakuten Action Movies,https://54045f0c40fd442c8b06df076aaf1e85.mediatailor.eu-west-1.amazonaws.com/v1/master/0547f18649bd788bec7b67b746e47670f558b6b2/production-LiveChannel-6065/master.m3u8,English,🌐,Playing,448x252
Rakuten Family Movies,https://e3207568b726401995c25670faaf32e4.mediatailor.eu-west-1.amazonaws.com/v1/master/0547f18649bd788bec7b67b746e47670f558b6b2/production-LiveChannel-6203/master.m3u8,English,🌐,Playing,448x252
Rakuten Top Movies,https://0145451975a64b35866170fd2e8fa486.mediatailor.eu-west-1.amazonaws.com/v1/master/0547f18649bd788bec7b67b746e47670f558b6b2/production-LiveChannel-5987/master.m3u8,English,🌐,Playing,448x252
Roja HD Tv,https://live.rojatv.cloud/rojatv/rojatv/index.m3u8,Tamil,📺,Playing,1920x1080
Roja Tv,https://stream.rojatv.cloud/rojatv/rojatv/index.m3u8,Tamil,📺,Playing,0x0
Sai TV,https://mumt03.tangotv.in/Dsly5z3HSAITV/index.m3u8,Tamil,📺,Playing,489x360
Sairam TV,https://mumt04.tangotv.in/m18aqlK4SAIRAMTV/index.m3u8,Tamil,🪷,Playing,655x360
Sonic,http://103.185.24.134:3001/SONIC/index.m3u8,Tamil,👶,Playing,1047x576
Sony BBC Earth HD,https://cloudplay-sonyliv.pages.dev/bbcearthhd.m3u8,Tamil,✨,Playing,384x216
Sony Sports Ten 4,https://cloudplay-sonyliv.pages.dev/ten4.m3u8,Tamil,🏏,Playing,384x216
Sony Yay!,https://cloudplay-sonyliv.pages.dev/yay.m3u8,Tamil,👶,Playing,384x216
South Station Tv,https://cc-yw7ztecy8do3q.akamaized.net/v1/master/3722c60a815c199d9c0ef36c5b73da68a62b09d1/cc-yw7ztecy8do3q/SS_IN.m3u8,Hindi,🎬,Playing,640x360
Star Vijay,https://da86m1sqpm3o0.cloudfront.net/28072023/smil:starvijayuk.smil/playlist.m3u8,Tamil,⭐,Playing,640x360
Super Hungama,http://103.185.24.134:3001/SUPER-HUNGAMA/index.m3u8,Tamil,👶,Playing,1047x576
Suriya Tv,https://stream.ottlive.co.in/suryatvtamil/index.m3u8,Tamil,📺,Playing,0x0
Tamil Janam,https://mumt01.tangotv.in/O5aw8Zn3JANAMTVTAMIL/index.m3u8,Tamil,📰,Playing,489x360
Ultimate Tv,https://mumbai-edge.smartplaytv.in/utv/index.m3u8,Tamil,📺,Playing,1024x576
Vasanth TV,https://mumt04.tangotv.in/m18aqlK4VASANTHTV/index.m3u8,Tamil,📺,Playing,495x360
Velicham Tv,https://mumt05.tangotv.in/87NeALx2VALICHAMPLUS/index.m3u8,Tamil,☀️,Playing,489x360
Vendhar TV,https://mumt04.tangotv.in/m18aqlK4VENDHARTV/index.m3u8,Tamil,📺,Playing,489x360
Win Tv,https://mumt06.tangotv.in/qYyB8fXVWINTV/index.m3u8,Tamil,📺,Playing,489x360
Zee South Flix Tv,https://amg00862-amg00862c9-amgplt0173.playout.now3.amagi.tv/playlist/amg00862-amg00862c9-amgplt0173/playlist.m3u8,Hindi,🎬,Playing,426x240
Zee Tamil HD,https://da86m1sqpm3o0.cloudfront.net/28072023/smil:zeetamil1.smil/playlist.m3u8,Tamil,✨,Playing,640x360
7s Music Tv,https://cdn-3.pishow.tv/live/1257/master.m3u8,Tamil,📺,Offline,0x0
7s Music Tv,https://cdn.pishow.tv/ott/live/1257/master.m3u8,Tamil,🎵,Offline,0x0
Angel TV,https://janya-digimix.akamaized.net/vglive-sk-394914/india/ngrp:angelindia_all/playlist.m3u8,Tamil,🪷,Offline,0x0
Angel TV America,https://janya-digimix.akamaized.net/vglive-sk-374850/america/ngrp:angelamerica_all/playlist.m3u8,Tamil,🪷,Offline,0x0
Angel TV Indo-China,https://janya-digimix.akamaized.net/vglive-sk-703035/indochina/ngrp:angelindochina_all/playlist.m3u8,Tamil,🪷,Offline,0x0
Angel TV Indonesia,https://janya-digimix.akamaized.net/vglive-sk-234616/indonesia/ngrp:angelindonesia_all/playlist.m3u8,Tamil,🪷,Offline,0x0
Chithiram Tv,https://cdn-6.pishow.tv/live/1243/master.m3u8,Tamil,📺,Offline,0x0
Chithiram Tv,https://cdn.pishow.tv/ott/live/1243/master.m3u8,Tamil,👶,Offline,0x0
DD Tamil,https://cdn-2.pishow.tv/live/26/master.m3u8,Tamil,📺,Offline,0x0
DD Tamil,https://d2lk5u59tns74c.cloudfront.net/out/v1/abf46b148419409d8469d7a9b0c26563/index.m3u8,Tamil,📺,Offline,0x0
ETV Bal Bharat,http://103.185.24.134:3001/ETV-BAL-BHARAT/index.m3u8,Tamil,👶,Offline,0x0
Go USA,https://brandusa-gousa-1-in.samsung.wurl.tv/playlist.m3u8,English,🌐,Offline,0x0
Hosanna TV,https://asia.mslivestream.net/mslive/bfba54c5c96a6359e2da0ca35f4998af.sdp/playlist.m3u8,Tamil,🪷,Offline,0x0
IBC Tamil,https://ibc.massstream.net/IBC/index.m3u8,Tamil,📺,Offline,0x0
MTA6 Asia,https://livemtaasia.akamaized.net/hls/live/2039224/mta6asia/playlist.m3u8,Tamil,🪷,Offline,0x0
MTA7 Asia,https://livemtaasia.akamaized.net/hls/live/2039224/mtaasia2/playlist.m3u8,Tamil,🪷,Offline,0x0
Malai Murasu Tv,https://cdn-3.pishow.tv/live/1606/master.m3u8,Tamil,📺,Offline,0x0
Malar Tv,https://cdn-3.pishow.tv/live/473/master.m3u8,Tamil,📺,Offline,0x0
Manorama Tv,https://cdn-3.pishow.tv/live/1479/master.m3u8,Malayalam,📺,Offline,0x0
Mk Six Tv,https://cdn-3.pishow.tv/live/1253/master.m3u8,Tamil,📺,Offline,0x0
Moon Tv,https://player.mslivestream.net/mslive/e10bb900976df9177b9a080314f26f86.sdp/index.m3u8,Tamil,📺,Offline,0x0
Movie Club Tv,https://sis-global.prod.samsungtv.plus/v1/tvpprd/sc-mp2ar4ca425xo.m3u8,Hindi,🎬,Offline,0x0
Murasu Tv,https://segment.yuppcdn.net/050522/murasu/playlist.m3u8,Tamil,📺,Offline,0x0
NH Tamil Gold,https://d3arbp6l7f096k.cloudfront.net/v1/master/3722c60a815c199d9c0ef36c5b73da68a62b09d1/pb-gv6wgpbb4mgwk/playlist.m3u8?ads.ads_cdn=cf&ads.app_domain=APP_DOMAIN&ads.cdn=cf,Tamil,🎬,Offline,0x0
NTC TV,https://galaxyott.live/hls/ntv.m3u8,Tamil,📺,Offline,0x0
National Geographic,http://main.light-ott.net:80/play/live.php?mac=00:1A:79:17:28:41&stream=373017&extension=ts&play_token=zCaGy5dtla,Tamil,📺,Offline,0x0
News 7 Tv,https://cdn-3.pishow.tv/live/1498/master.m3u8,Tamil,📺,Offline,0x0
News 7 Tv,https://segment.yuppcdn.net/240122/news7/playlist.m3u8,Tamil,📺,Offline,0x0
News J Tv,https://cdn-3.pishow.tv/live/1279/master.m3u8,Tamil,📺,Offline,0x0
News Tamil 24x7,https://cdn.pishow.tv/ott/live/1433/master.m3u8,Tamil,📰,Offline,1047x576
News tamil Tv,https://cdn-3.pishow.tv/live/1433/master.m3u8,Tamil,📺,Offline,0x0
Peppers Tv,https://cdn-2.pishow.tv/live/1383/master.m3u8,Tamil,📺,Offline,0x0
Polimer news,https://cdn-3.pishow.tv/live/1245/master.m3u8,Tamil,📺,Offline,0x0
Polimer news,https://live-cf-polimernews.dailyhunt.in/master.m3u8,Tamil,📺,Offline,0x0
Puthiyathalaimurai tv,https://cdn-3.pishow.tv/live/1261/master.m3u8,Tamil,📺,Offline,0x0
Raj Digital Plus,https://livestream.rajtv.tv/hlslive/Admin/px08241087/live/RajTV_Digital_plus/master_1.m3u8,Tamil,🎬,Offline,0x0
Raj Musix Tamil,https://livestream.rajtv.tv/hlslive/Admin/px08241087/live/Raj_Musix/master_1.m3u8,Tamil,🎵,Offline,0x0
Raj TV,https://livestream.rajtv.tv/hlslive/Admin/px08241087/live/RAJTV/master_1.m3u8,Tamil,📺,Offline,0x0
SVBC 2,https://player.mslivestream.net/tamil/ac206e74d75b285755ee4924df87d951.sdp/playlist.m3u8,Tamil,🪷,Offline,0x0
Sana Plus,https://mumbai-edge.smartplaytv.in/SanaPlusHD/index.m3u8,Tamil,🎵,Offline,0x0
Sanaa Tv,https://vglivessai.akamaized.net/us/v1/master/611d79b11b77e2f571934fd80ca1413453772ac7/b6d9e864-ec16-410a-804d-ccf8f720bfaa/index.m3u8,Tamil,📺,Offline,0x0
Sankara TV,https://mumt05.tangotv.in/87NeALx2SRISANKARA/index.m3u8,Tamil,🪷,Offline,0x0
Shemaroo Tv,https://cdn-3.pishow.tv/live/230/master.m3u8,Hindi,🎬,Offline,0x0
Sirippoli HD,https://yuppmedtaorire.akamaized.net/v1/manifest/a0d007312bfd99c47f76b77ae26b1ccdaae76cb1/siripoli_nim_https/c4e6500f-ea05-4226-810e-2833ee0075ff/0.m3u8,Tamil,📺,Offline,0x0
Sirippoli Tv,https://segment.yuppcdn.net/240122/siripoli/playlist.m3u8,Tamil,📺,Offline,0x0
Sivan TV,http://sivantv.livebox.co.in/sivantvhls/sivan.m3u8,Tamil,🪷,Offline,0x0
Sony MAX 2,https://sl.vodep39240327.workers.dev/channel/SONY%20MAX%202.m3u8,Hindi,🎬,Offline,0x0
Sony MAX HD,https://sl.vodep39240327.workers.dev/channel/SONY%20MAX%20HD.m3u8,Hindi,🎬,Offline,0x0
Sony PIX HD,https://sl.vodep39240327.workers.dev/channel/SONY%20PIX%20HD.m3u8,English,🌐,Offline,0x0
Sony WAH,https://sl.vodep39240327.workers.dev/channel/SONY%20WAH.m3u8,Hindi,🎬,Offline,0x0
Sooriyan TV,https://live20.bozztv.com/giatv/giatv-Infinittyott/Infinittyott/playlist.m3u8,Tamil,📺,Offline,0x0
Star Vijay HD,https://peaky.techcoder40.workers.dev/776.m3u8,Tamil,📺,Offline,0x0
Studio One Tv,https://cdn-1.pishow.tv/live/276/master.m3u8,Telugu,📺,Offline,0x0
Subin Tv,https://stream.galaxyott.live/live/subintv/index.m3u8,Tamil,📺,Offline,0x0
Suriyan Tv,https://stream.sscloud7.com/live/suriyantv/index.m3u8,Tamil,📺,Offline,0x0
TVI HD,https://live.cmr24.fm/TVI/HD/chunks.m3u8,Tamil,📺,Offline,0x0
Tamilan TV,https://mumt04.tangotv.in/m18aqlK4TAMILANTELEVISION/index.m3u8,Tamil,📺,Offline,0x0
Thalaa Tv,https://streams2.sofast.tv/ptnr-yupptv/title-THALAA-TV-TAM/sofastplayout/981f8f06-782a-4962-b5e0-7dcccd65279c_0_HLS/manifest.m3u8,Tamil,📺,Offline,0x0
Thanthi Tv,https://cdn-3.pishow.tv/live/1612/master.m3u8,Tamil,📺,Offline,0x0
Thanthi Tv,https://streams.tangotv.in/THANTHITV/ORIGIN/index.m3u8,Tamil,📰,Offline,0x0
Tharun Movies,https://streaming.livebox.co.in/tharunmovieshls/live.m3u8,Tamil,📺,Offline,0x0
Toonami Movie,http://api.toonamiaftermath.com:3000/movies/playlist.m3u8,English,🌐,Offline,0x0
Travel XP HD Tv,https://deltatesttatasky.akamaized.net/out/i/968284.m3u8,English,🌐,Offline,0x0
Travelxp HD,https://amg00416-amg00416c9-samsung-in-4882.playouts.now.amagi.tv/playlist/amg00416-travelxp-travelxphd-samsungin/playlist.m3u8,Tamil,🌍,Offline,0x0
Ultimate HD Tv,https://stream.ottlive.co.in/utvtamil/index.m3u8,Tamil,📺,Offline,0x0
Vaanavil Tv,https://6n3yope4d9ok-hls-live.5centscdn.com/vaanavil/TV.stream/playlist.m3u8,Tamil,📺,Offline,0x0
Velicham Tv,https://cdn-3.pishow.tv/live/461/master.m3u8,Tamil,📺,Offline,0x0
Vendar Tv,https://cdn-3.pishow.tv/live/1271/master.m3u8,Tamil,📺,Offline,0x0
Vijay Takkar APAC,https://tglmp01.akamaized.net/out/v1/c1071012b73f4f189b202e1529e8f802/manifest.mpd,Tamil,🎵,Offline,0x0
Village TV,https://live.villagetv.net/villagetv/hd/index.m3u8,Tamil,🪷,Offline,0x0
WOW Kidz Tamil,https://yuppparoriglin.akamaized.net/181224/smil:wowkidztam.smil/playlist.m3u8?hdnts=st=1735898689~exp=1835898688~acl=*~hmac=f5fe24724fe05481e3841f9eb5ab8efdee0a3dd83645ae9dcf45703f525bab7b,Tamil,👶,Offline,0x0
We Tv,https://cdn-3.pishow.tv/live/1530/master.m3u8,Malayalam,📺,Offline,0x0
Win Tv,https://cdn-4.pishow.tv/live/1531/master.m3u8,Tamil,📺,Offline,0x0
YET Max,https://live.yettelevision.com:5443/LiveApp/streams/yettv2.m3u8,Tamil,🎵,Offline,0x0
YET TV,https://live.yettelevision.com:5443/LiveApp/streams/yettv.m3u8,Tamil,📺,Offline,0x0
Zee Tamil News,https://raw.githubusercontent.com/amazeyourself/adaptive-streams/refs/heads/main/streams/in/ZMCL/ZeeTamilNews.m3u8,Tamil,📰,Offline,0x0
