STREAM NAME,URL,CATEGORY,ICON,STATUS
7s Music Tv,https://cdn.pishow.tv/ott/live/1257/master.m3u8,Tamil,🎵,Live
Aaryaa Tv,https://stream.ottlive.co.in/aryatvtamil/index.m3u8,Tamil,📺,Live
Aaseervatham TV,https://mumt04.tangotv.in/m18aqlK4AASEERVATHAMTV/index.m3u8,Tamil,🪷,Live
Aastha Tamil,https://aasthaott.akamaized.net/110923/smil:aasthatamil.smil/playlist.m3u8,Tamil,🪷,Live
Angel TV Indo-China,https://janya-digimix.akamaized.net/vglive-sk-703035/indochina/ngrp:angelindochina_all/playlist.m3u8,Tamil,🪷,Live
Arputhar Yesu TV,https://account33.livebox.co.in/jesushelpshls/live.m3u8,Music,🎵,Live
Colors Tamil HD,https://da86m1sqpm3o0.cloudfront.net/28072023/smil:colorstamilhd11.smil/playlist.m3u8,Tamil,✨,Live
Dharsan TV,https://cable91tataplay.akamaized.net/live/dharshantv/index.m3u8,Music,🎵,Live
ETV Bal Bharat,http://103.185.24.134:3001/ETV-BAL-BHARAT/index.m3u8,Bengali,👶,Live
Fail Army,https://failarmy-international-in.samsung.wurl.tv/playlist.m3u8,Music,🎵,Live
Hebron TV,https://account20.livebox.co.in/charleshls/live.m3u8,Tamil,🪷,Live
Hosanna TV,https://asia.mslivestream.net/mslive/bfba54c5c96a6359e2da0ca35f4998af.sdp/playlist.m3u8,Tamil,🪷,Live
Hungama TV,http://103.185.24.134:3001/HUNGAMA/index.m3u8,Hindi,👶,Live
Isaiaruvi Tv,https://segment.yuppcdn.net/140622/isaiaruvi/playlist.m3u8,Music,🎵,Live
Joy TV,https://ktismaservers.in:3412/live/joytvlive.m3u8,Tamil,🪷,Live
Kalaignar Murasu,https://yuppmedtaorire.akamaized.net/v1/master/a0d007312bfd99c47f76b77ae26b1ccdaae76cb1/murasu_nim_https/050522/murasu/playlist.m3u8,Tamil,📰,Live
Kalaignar Tv,https://segment.yuppcdn.net/240122/kalaignartv/playlist.m3u8,Music,🎵,Live
Life TV,https://lifetv.livebox.co.in/lifetvhls/lifetv.m3u8,Music,🎵,Live
Madha TV,https://mumt07.tangotv.in/zHjX9OFlMADHATV/index.m3u8,Tamil,🪷,Live
Madhimugam TV,https://mumt01.tangotv.in/O5aw8Zn3MATHIMUGAMTV/index.m3u8,Tamil,📰,Live
Makkal TV (576i),https://5k8q87azdy4v-hls-live.wmncdn.net/MAKKAL/271ddf829afeece44d8732757fba1a66.sdp/playlist.m3u8,Tamil,📺,Dead
Mei Alai TV,https://meialai.iptelevishion.com/meialai/2/index.m3u8,Music,🎵,Live
MK Six,https://mumt06.tangotv.in/qYyB8fXVMKSIX/index.m3u8,Music,🎵,Live
MN Tv,https://mntv.livebox.co.in/mntvhls/live.m3u8,Tamil,📺,Live
Movie Club 2 Tv,https://d3gnyty2vddhsg.cloudfront.net/v1/master/3722c60a815c199d9c0ef36c5b73da68a62b09d1/pb-ytipwjqub3kf8/TMC2_IN.m3u8?ads.ads_cdn=cf&ads.cdn=cf,Hindi,🎬,Live
Movie Club Tv,https://sis-global.prod.samsungtv.plus/v1/tvpprd/sc-mp2ar4ca425xo.m3u8,Hindi,🎬,Live
Murasu Tv,https://segment.yuppcdn.net/050522/murasu/playlist.m3u8,Music,🎵,Live
NDTV Good Times,https://amg01448-samsungin-ndtvgoodtimes-samsungin-ad-gp.amagi.tv/playlist/amg01448-samsungin-ndtvgoodtimes-samsungin/playlist.m3u8,Tamil,📺,Dead
News 7 Tv,https://segment.yuppcdn.net/240122/news7/playlist.m3u8,Tamil,📰,Live
News Tamil 24x7,https://cdn.pishow.tv/ott/live/1433/master.m3u8,Tamil,📰,Dead
News18 Tamil Nadu,https://n18syndication.akamaized.net/bpk-tv/News18_Tamil_Nadu_NW18_MOB/output01/master.m3u8,Tamil,📰,Live
NH Tamil Gold,https://d3arbp6l7f096k.cloudfront.net/v1/master/3722c60a815c199d9c0ef36c5b73da68a62b09d1/pb-gv6wgpbb4mgwk/playlist.m3u8?ads.ads_cdn=cf&ads.app_domain=APP_DOMAIN&ads.cdn=cf,Music,🎵,Live
Nickelodeon,http://103.185.24.134:3001/NICK/index.m3u8,Music,🎵,Live
OM TV,https://mumt01.tangotv.in/O5aw8Zn3OMTV/index.m3u8,Hindi,🎬,Live
Polimer TV,https://cdn.pishow.tv/ott/live/1241/master.m3u8,Music,🎵,Live
Puthiya Thalaimurai,https://mumt07.tangotv.in/zHjX9OFlPUTHIYAEXPRESS/index.m3u8,Tamil,📰,Live
Puthuyugam TV,https://mumt04.tangotv.in/m18aqlK4PUTHUYUGAMTV/index.m3u8,Music,🎵,Live
Raj Digital Plus,https://livestream.rajtv.tv/hlslive/Admin/px08241087/live/RajTV_Digital_plus/master_1.m3u8,Tamil,🎬,Live
Roja TV1,https://live.rojatv.cloud/rojatv/rojatv/index.m3u8,Tamil,📺,Live
Roja TV2,https://stream.rojatv.cloud/rojatv/rojatv/index.m3u8,Music,🎵,Live
Sai TV,https://mumt03.tangotv.in/Dsly5z3HSAITV/index.m3u8,Music,🎵,Live
Sairam TV,https://mumt04.tangotv.in/m18aqlK4SAIRAMTV/index.m3u8,Tamil,🪷,Live
Sana Plus,https://mumbai-edge.smartplaytv.in/SanaPlusHD/index.m3u8,Tamil,🎵,Live
Sanaa Tv,https://vglivessai.akamaized.net/us/v1/master/611d79b11b77e2f571934fd80ca1413453772ac7/b6d9e864-ec16-410a-804d-ccf8f720bfaa/index.m3u8,Tamil,📺,Live
Sankara TV,https://mumt05.tangotv.in/87NeALx2SRISANKARA/index.m3u8,Malayalam,🪷,Live
Sirippoli TV1,https://segment.yuppcdn.net/240122/siripoli/playlist.m3u8,Tamil,📺,Live
Sirippoli TV2,https://yuppmedtaorire.akamaized.net/v1/manifest/a0d007312bfd99c47f76b77ae26b1ccdaae76cb1/siripoli_nim_https/c4e6500f-ea05-4226-810e-2833ee0075ff/0.m3u8,Music,🎵,Live
Sivan TV,https://sivantv.livebox.co.in/sivantvhls/sivan.m3u8,Music,🎵,Live
Sonic,http://103.185.24.134:3001/SONIC/index.m3u8,Telugu,👶,Live
Sony BBC Earth HD,https://cloudplay-sonyliv.pages.dev/bbcearthhd.m3u8,English,🌐,Live
Sony pix HD,https://cloudplay-sonyliv.pages.dev/pixhd.m3u8,English,🎬,Dead
Sony Sports Ten 4,https://cloudplay-sonyliv.pages.dev/ten4.m3u8,Music,🎵,Live
Sony Yay!,https://cloudplay-sonyliv.pages.dev/yay.m3u8,Tamil,👶,Dead
South Station Tv,https://cc-yw7ztecy8do3q.akamaized.net/v1/master/3722c60a815c199d9c0ef36c5b73da68a62b09d1/cc-yw7ztecy8do3q/SS_IN.m3u8,Hindi,🎬,Live
Star Vijay,https://da86m1sqpm3o0.cloudfront.net/28072023/smil:starvijayuk.smil/playlist.m3u8,Tamil,⭐,Live
Subin Tv,https://stream.galaxyott.live/live/subintv/index.m3u8,Tamil,📺,Live
Super Hungama,http://103.185.24.134:3001/SUPER-HUNGAMA/index.m3u8,Hindi,👶,Live
SVBC 2,https://player.mslivestream.net/tamil/ac206e74d75b285755ee4924df87d951.sdp/playlist.m3u8,Tamil,🪷,Live
Tamil Janam,https://mumt01.tangotv.in/O5aw8Zn3JANAMTVTAMIL/index.m3u8,Tamil,📰,Live
Tamilan TV,https://mumt04.tangotv.in/m18aqlK4TAMILANTELEVISION/index.m3u8,Tamil,📺,Live
Thalaa Tv,https://streams2.sofast.tv/ptnr-yupptv/title-THALAA-TV-TAM/sofastplayout/981f8f06-782a-4962-b5e0-7dcccd65279c_0_HLS/manifest.m3u8,Music,🎵,Live
Thanthi Tv,https://streams.tangotv.in/THANTHITV/ORIGIN/index.m3u8,Tamil,📰,Live
Tharun Movies,https://streaming.livebox.co.in/tharunmovieshls/live.m3u8,Tamil,🎬,Live
Toonami Movie,http://api.toonamiaftermath.com:3000/movies/playlist.m3u8,Hindi,👶,Live
Travelxp HD,https://amg00416-amg00416c9-samsung-in-4882.playouts.now.amagi.tv/playlist/amg00416-travelxp-travelxphd-samsungin/playlist.m3u8,Tamil,🌍,Dead
TVI HD,https://live.cmr24.fm/TVI/HD/chunks.m3u8,Tamil,📺,Live
Ultimate TV1,https://stream.ottlive.co.in/utvtamil/index.m3u8,Telugu,📺,Live
Ultimate TV2,https://mumbai-edge.smartplaytv.in/utv/index.m3u8,Music,🎵,Live
Vaanavil Tv,https://6n3yope4d9ok-hls-live.5centscdn.com/vaanavil/TV.stream/playlist.m3u8,Music,🎵,Live
Vasanth TV,https://mumt04.tangotv.in/m18aqlK4VASANTHTV/index.m3u8,Tamil,📺,Live
Velicham Tv,https://mumt05.tangotv.in/87NeALx2VALICHAMPLUS/index.m3u8,Tamil,☀️,Live
Vendhar TV,https://mumt04.tangotv.in/m18aqlK4VENDHARTV/index.m3u8,Tamil,📺,Live
Village TV,https://live.villagetv.net/villagetv/hd/index.m3u8,Tamil,🪷,Live
Win Tv,https://mumt06.tangotv.in/qYyB8fXVWINTV/index.m3u8,Tamil,📺,Dead
WOW Kidz Tamil,https://yuppparoriglin.akamaized.net/181224/smil:wowkidztam.smil/playlist.m3u8?hdnts=st=1735898689~exp=1835898688~acl=*~hmac=f5fe24724fe05481e3841f9eb5ab8efdee0a3dd83645ae9dcf45703f525bab7b,Music,🎵,Live
YET Max,https://live.yettelevision.com:5443/LiveApp/streams/yettv2.m3u8,Telugu,📺,Live
Zee South Flix Tv,https://amg00862-amg00862c9-amgplt0173.playout.now3.amagi.tv/playlist/amg00862-amg00862c9-amgplt0173/playlist.m3u8,Hindi,🎬,Dead
Zee Tamil HD,https://da86m1sqpm3o0.cloudfront.net/28072023/smil:zeetamil1.smil/playlist.m3u8,Hindi,🎬,Live
